episode,env_reward,gen_reward
1,879.2600000000004,-879.2600000000004
2,889.5800000000002,-889.5800000000002
3,748.570000000001,-748.570000000001
4,698.8300000000007,-698.8300000000007
5,849.0300000000003,-849.0300000000003
